藥品代碼,商品名,成份,ATC_CODE1,抗生素
ABI02O,Abilify,aripiprazole,N05AX12,N
ABI03O,ABILIFY,aripiprazole,N05AX12,N
ABI04I,Abilify,aripiprazole,N05AX12,N
ABI04O,Abiratred,abiraterone acetate,L02BX03,N
ACA01O,Acarose,acarbose,A10BF01,N
ACA02O,A-Cal,calcium carbonate 500mg,A02AC01,N
ACD01I,ACD,"sodium citrate, citric acid",B05CB02,N
ACE01I,Acemycin,amikacin sulfate,J01GB06,Y
ACE02I,Acetamol,propacetamol,N02BE05,N
ACE04O,Acemet,acemetacin,M01AB11,N
ACE05O,Acetazolamide,acetazolamide,S01EC01,N
ACL01E,Aclovir,acyclovir,D06BB03,N
ACL01I,Aclasta,zoledronic acid,M05BA08,N
ACT01I,Actemra,tocilizumab,L04AC07,N
ACT01O,Actos,pioglitazone hydrochloride,A10BG03,N
ACT02I,Actilyse,recombinant human tissue-type plasminoge,B01AD02,N
ACT02O,ACTEIN,acetylcysteine,R05CB01,N
ACT03I,Actrapid,human insulin (regular),A10AB01,N
ACT06O,Actein,acetylcysteine,R05CB01,N
ACT07I,Actemra,tocilizumab,L04AC07,N
ACT08I,ACTEMRA,tocilizumab,L04AC07,N
ACY02O,Acylo,acyclovir,J05AB01,Y
ACZ01E,Aczo,benzoyl peroxide 5%,D10AE01,N
ADE01I,Adenocor,adenosine,C01EB10,N
ADE01O,Adempas,riociguat,C02KX05,N
ADE02O,ADEMPAS,riociguat,C02KX05,N
ADR02I,Adrenalin,epinephrine,C01CA24,N
ADV01O,Advagraf,tacrolimus,L04AD02,N
ADV02O,ADVAGRAF,tacrolimus,L04AD02,N
ADV03O,ADVAGRAF,tacrolimus,L04AD02,N
AET02I,Aethoxysklerol,polidocanol,C05BB02,N
AFI01O,Afinitor,everolimus,L01EG02,N
AGG01I,Aggrastat,tirofiban hcl,B01AC17,N
AGG02I,Agglutex,heparin sodium,B01AB01,N
AGR01O,Agrylin,anagrelide (hcl),L01XX35,N
AJO01I,Ajovy,fremanezumab,N02CD03,N
AKU01O,AKuriT-3,"ethambutol hcl,isoniazid,rifamycin",J04AC51,N
AKU02O,AKuriT-4,"ethambutol,isoniazid,pyrazinamide,rifamp",J04AM06,N
AKY01O,Akynzeo,"netupitant,palonosetron",A04AA55,N
ALC02E,Alcos-Anal,sod. oleate,C05AX03,N
ALC03E,Alcaine,proparacaine,S01HA04,N
ALC04E,Alcos-Anal,sod. oleate,C05AX03,N
ALC16E,Alcohol,alcohol,D08AX08,N
ALC17E,Alcohol,alcohol,D08AX08,N
ALC19E,Alcohol,alcohol,,N
ALD03E,Aldara,imiquimod,D06BB10,N
ALE01I,Aleviatin,phenytoin sodium,N03AB02,N
ALE01O,Alecensa,alectinib hcl,L01ED03,N
ALF01O,Alfacalcidol,alfacalcidol,A11CC03,N
ALF03I,Alfentanil,alfentanil hcl,N01AH02,N
ALG01O,Algitab,"alginic acid, mgco3, al(oh)3, etc",A02AX,N
ALG01S,Alginos,"alginate sodium,calcium carbonate,sodium",A02AX,N
ALG02O,Acamprosate,acamprosate calcium,N07BB03,N
ALI01O,Alinamin-F,"thiamine, riboflavin",A11JA,N
ALK01O,Alkeran,melphalan,L01AA03,N
ALL01S,All-Right,"calcium phosphate tribasic,vit a,vit d3",A12AX,N
ALL02O,Allegra,fexofenadine hcl,R06AX26,N
ALO01I,Aloxi,palonosetron,A04AA05,N
ALP02E,Alphagan,brimonidine tartrate,S01EA05,N
ALU02O,Aluminum,al(oh)3,A02AB01,N
ALV01I,Alvosteo,teriparatide,H05AA02,N
AMA02O,Amaryl,glimepiride,A10BB12,N
AMA03O,AMARYL,"glimepiride,metformin hcl",A10BD02,N
AMB01I,Ambisome,(amphotericin b) liposome,J02AA01,Y
AMI01O,Amizide,"hydrochlorothiazide, amiloride hcl",C03EA01,N
AMI12I,Aminopoly-H,amino acids,B05BA01,N
AMI13I,Aminosteril,amino acids,B05BA01,N
AMO01I,AmoClav,amoxicillin+clavulanate,J01CR02,Y
AMO01O,Amoxicillin,amoxicillin,J01CA04,Y
AMO05S,Amoxycillin,amoxicillin,J01CA04,Y
AMP01O,Ampicillin,ampicillin,J01CA01,Y
AMP02I,Ampholipad,(amphotericin b) liposome,J02AA01,Y
AMP03I,Ampolin,ampicillin,J01CA01,Y
AMT01O,Amtrel,"amlodipine 5mg ,benazepril 10mg",C09BB,N
AND01O,Androcur,cyproterone acetate,G03HA01,N
ANE03I,Anexate,flumazenil,V03AB25,N
ANG02I,Angidil,isosorbide dinitrate,C01DA08,N
ANO01E,Anoro,"umeclidinium,vilanterol",R03AL03,N
ANP01I,Anpo,ritodrine hcl,G02CA01,N
ANP01O,Anpo,ritodrine hcl,G02CA01,N
ANT01I,Antifect,cefepime,J01DE01,Y
ANT02E,Antigerm,chlorhexidine gluconate,D08AC02,N
ANT03I,Antivenin,antivenin,J06AA03,N
ANT04E,Antol,atropine sulfate,S01FA01,N
ANT06I,Antivenin,antivenin,J06AA03,N
ANT06O,Antibiophilus,lactobacillus casei rhamnosus,A07FA01,N
ANT07I,Antivenin,antivenin,J06AA03,N
ANT09S,Anti-Phen,acetaminophen,N02BE01,N
ANX01I,Anxicam,lorazepam,N05BA06,N
API01I,Apidra,insulin glulisine,A10AB06,N
APO01O,Apo-Atomoxetine,atomoxetine,N06BA09,N
APO04O,APO-ATOMOXETINE,atomoxetine,N06BA09,N
APR06O,Aprezin,hydralazine,C02DB02,N
AQU02E,Aqua,chlorhexidine gluconate,D08AC02,N
ARA01O,Arax,hydroxyzine,N05BB01,N
ARE02I,RSV,rsv antigen,J07BX05,N
ARH01O,Arheuma,leflunomide,L04AA13,N
ARI02O,Arimidex,anastrozole,L02BG03,N
ARI03O,Aricept,donepezil hcl,N06DA02,N
ARO01O,Aromasin,exemestane,L02BG06,N
ART01E,Artiss,"human thrombin, calcium chloride, aproti",B02AB01,N
ART02E,Artelac,methylhydroxypropyl cellulose,S01XA20,N
ASA01E,Asacol,mesalazine,A07EC02,N
ASA03O,Asacol,mesalazine,A07EC02,N
ASC01O,Ascofen,aceclofenac,M01AB16,N
ASI01I,Asiphylline,aminophylline,R03DA05,N
ASP05O,Aspirin(強生),aspirin (acetylsalicylic acid),N02BA01,N
ATA02O,Atanaal,nifedipine,C08CA05,N
ATH01S,Athmin,ketotifen,R06AX17,N
ATI01O,Ativan,lorazepam,N05BA06,N
ATO02O,ATOZET,"ezetimibe,atorvastatin",C10BA05,N
ATR01I,Atropine,atropine sulfate,A03BA01,N
ATR05E,Atropine,atropine sulfate,S01FA01,N
AUB01O,Aubagio,teriflunomide,L04AA31,N
AUG04S,Augmentin,amoxicillin+clavulanate,J01CR02,Y
AVA01E,Avamys,fluticasone furoate,R01AD12,N
AVE01I,Avelox,moxifloxacin (hcl),J01MA14,Y
AVE01O,Avelox,moxifloxacin (hcl),J01MA14,Y
AVO01O,Avodart,dutasteride,G04CB02,N
AZA01E,Azarga,"brinzolamide, timolol maleate",S01ED51,N
AZE01E,Azetin,azelastine hcl,R01AC03,N
AZO03E,Azopt,brinzolamide,S01EC04,N
BAI01I,Bain,nalbuphine hydrochloride,N02AF02,N
BAK01O,Baktar,"sulfamethoxazole,trimethoprim",J01EE01,Y
BAR02O,Baraclude,entecavir,J05AF10,N
BAR03O,BARACLUDE,entecavir,J05AF10,N
BEE01O,Beesix,pyridoxine hcl,A11HA02,N
BEF01O,Befon,baclofen,M03BX01,N
BEN02I,Benlysta,belimumab,L04AA26,N
BEN03I,BENLYSTA,belimumab,L04AA26,N
BEO01I,Beovu,brolucizumab,S01LA06,N
BEO02I,Beovu,brolucizumab,S01LA06,N
BER01I,Beriplex,"factor ii、vii、ix、x, protein c, protei",B02BD01,N
BER05E,BeroDUAL,"fenoterol hydrobromide,ipratropium bromi",R03AL01,N
BES02I,Besremi,ropeginterferon alfa-2b,L03AB15,N
BET01O,Betmiga,mirabegron,G04BD12,N
BET02O,BETMIGA,mirabegron,G04BD12,N
BET07O,BETALOC,metoprolol,C07AB02,N
BET14E,Betadine,povidone-iodine,R02AA15,N
BEV01E,Bevespi,"formoterol fumarate dihydrate,glycopyrro",R03AL07,N
BEX01I,Bexsero,recombinant neisseria meningitidis group,J07AH09,N
BEY01I,Beyfortus,nirsevimab,J06BD08,N
BEY02I,BEYFORTUS,nirsevimab,J06BD08,N
BFL01I,Bfluid,"amino acids, glucose, electrolytes",B05BA10,N
BIC03I,Bicillin,benzathine benzylpenicillin,J01CE08,Y
BIN01O,Binin-U,haloperidol,N05AD01,N
BIO01E,Biodyne,povidone-iodine,D08AG02,N
BIO02O,Bio-Cal,"cholecalciferol,tribasic calcium phospha",A12AA01,N
BIO03O,Bioflor,saccharomyces boulardii cncm i-745,A07FA01,N
BIO06O,Biofermin-R,antibiotics-resistant lactic acid bacter,A07FA01,N
BIP01O,Biperin,biperiden hcl,N04AA02,N
BIP02I,Bipiden,biperiden lactate,N04AA02,N
BIS01O,Bismuth,bismuth,A07BB,N
BIS02E,Bisadyl,bisacodyl,A06AB02,N
BIS03S,Bisolvon,bromhexine,R05CB02,N
BIS04O,Bisacodyl,bisacodyl,A06AB02,N
BLO01O,Blopress,candesartan cilexetil,C09CA06,N
BLO02O,Bloodfull,"fe fumarate,folic acid,b1,b2,b12,nicotin",B03AE02,N
BLO03O,BLOPRESS,"candesartan cilexetil,hydrochlorothiazid",C09DA06,N
BOB01I,Bobimixyn,polymyxin b sulfate,J01XB02,Y
BOK01O,Bokey,aspirin (acetylsalicylic acid),B01AC06,N
BOO01I,Boostrix,"diphtheria toxoid,pertussis toxoid,tetan",J07AJ52,N
BOT01I,Botox,clostridium botulinum toxin type a,M03AX01,N
BOT04I,Botox,clostridium botulinum toxin type a,M03AX01,N
BOW01O,Bowklean,"magnesium oxide, picosulfate sodium, cit",A06AB58,N
BRA01O,Braftovi,encorafenib,L01EC03,N
BRE01E,Breztri,"budesonide micronized,formoterol fumarat",R03AL11,N
BRI01O,BRILINTA,ticagrelor,B01AC24,N
BRI02O,Brintellix,vortioxetine hydrobromide,N06AX26,N
BRI03O,Briviact,brivaracetam,N03AX23,N
BRO02I,Brosym,"cefoperazone,sulbactam",J01DD62,Y
BRO02O,Broen-C,"l-cysteine, bromelain",D03BA03,N
BRO07S,Brown,compound glycyrrhiza mixture(with opium),R05FA02,N
BRU01O,Brukinsa,zanubrutinib,L01EL03,N
BUP01O,Bupion,bupropion hcl,N06AX12,N
BUR01I,Burinex,bumetanide,C03CA02,N
BUS01I,Buscopan,hyoscine-n-butylbromide,A03BB01,N
BUS03O,Busix,bumetanide,C03CA02,N
CAB01O,Cabometyx,cabozantinib,L01EX07,N
CAD02O,CADUET,"amlodipine,atorvastatin",C10BX03,N
CAL01E,Calmsit,"betamethasone,lidocaine,phenylephrine",C05AA05,N
CAL10I,Calcitonin,salmon calcitonin,H05BA01,N
CAL10O,Calquence,acalabrutinib,L01EL02,N
CAM05O,Camisan,terbinafine,D01BA02,Y
CAN01O,Canaglu,canagliflozin hydrate,A10BK02,N
CAP04O,Caprelsa,vandetanib,L01EX04,N
CAR01O,Carbomix,activated charcoal,A07BA01,N
CAR03O,Carvedilol,carvedilol,C07AG02,N
CAR04O,Cartil,diltiazem hcl,C08DB01,N
CAR05O,Carbizo,carbimazole,H03BB01,N
CAR06S,Cardiacin,digoxin,C01AA05,N
CAR07O,Cardol,sotalol,C07AA07,N
CAR08O,Cardolol,propranolol,C07AA05,N
CAR09O,Carpine,carbamazepine,N03AF01,N
CAS02S,Castor,castor oil,A06AB05,N
CAS03O,Casodex,bicalutamide,L02BB03,N
CAT01E,Cationorm,"light mineral oil,mineral oil",S01XA20,N
CAT01O,Catapres,clonidine hcl,C02AC01,N
CAT03O,Catilon,otilonium bromide,A03AB06,N
CBO01E,C.B.,"chlorpheniramine,hexachlorophene,methyl",D04AA,N
CEF01I,Ceftriaxone,ceftriaxone,J01DD04,Y
CEF01O,Ceflour,cefuroxime,J01DC02,Y
CEF09I,Cefe,cefmetazole,J01DC09,Y
CEL02O,Cellcept,mycophenolate mofetil,L04AA06,N
CEL04O,Celebrex,celecoxib,M01AH01,N
CEL05O,CELLCEPT,mycophenolate mofetil,L04AA06,N
CEP04O,Ceporin,captopril,C09AA01,N
CEP05O,Cephalexin,cephalexin,J01DB01,Y
CER03I,Cerebrolysin,cerebrolysin concentrate,C04AX,N
CER03O,Certican,everolimus,L04AA18,N
CER04O,CERTICAN,everolimus,L04AA18,N
CET01S,Cetirizine,cetirizine,R06AE07,N
CEX01O,Cexime,cefixime,J01DD08,Y
CHA01E,Chanton,"glycerin,sodium chloride",A06AG04,N
CHA02O,Champix,varenicline,N07BA03,N
CHA03O,CHAMPIX,varenicline,N07BA03,N
CHE01I,Chenday,labetalol,C07AG01,N
CHE01S,Micrsoy,大豆發酵液,,N
CHL02E,Chloramphenicol,chloramphenicol,S01AA01,N
CHL07E,Chlorhexidine,chlorhexidine gluconate,D08AC02,N
CHO01O,Choles,cholestyramine,C10AC01,N
CHY01E,Chyndacin,clindamycin,D10AF01,N
CIA02O,Cialis,tadalafil,G04BE08,N
CIB01O,Cibinqo,abrocitinib,D11AH08,N
CIM01I,Cimzia,certolizumab,L04AB05,N
CIN01I,Cinolone,ciprofloxacin,J01MA02,Y
CIN02O,Cinolone,ciprofloxacin,J01MA02,Y
CIN03O,Cinaca,cinacalcet hydrochloride,H05BX01,N
CIN04O,Cintsu,verapamil,C08DA01,N
CIT01O,Citao-S,escitalopram oxalate,N06AB10,N
CIV01E,Cividoid,heparinoid,C05BA01,N
CLA01I,Claforan,cefotaxime sodium,J01DD01,Y
CLA04O,Claricin,clarithromycin,J01FA09,Y
CLI02I,Clincin,clindamycin,J01FF01,Y
CLO01S,Clodrin,chloral hydrate,N05CC01,N
CLO02E,Clobetasol,clobetasol propionate,D07AD01,N
CLO03E,Clomazole,clotrimazole,G01AF02,N
CLO03O,Clopine,clozapine,N05AH02,N
CLO04E,Clobex,clobetasol propionate,D07AD01,N
CLO05O,Clomiphene,clomiphen,G03GB02,N
CLO07E,Clotrimazole,clotrimazole,G01AF02,N
COD01E,Codemycin,"hydrocortisone acetate,neomycin sulfate",S01CA03,N
COD01O,Codeine,codeine,R05DA04,N
COF01O,Cofarin,warfarin,B01AA03,N
COL01O,Colchicine,colchicine,M04AC01,N
COL02I,Colimycin,colistin methanesulfonate,J01XB01,Y
COL04E,Colasa,mesalazine,A07EC02,N
COM02E,Combivent,"ipratropium,salbutamol",R03AL02,N
COM03E,Combigan,"brimonidine tartrate,timolol",S01ED51,N
COM05O,Compesolon,prednisolone,H02AB06,N
CON01O,Conslife,"bisacodyl,dioctyl sodium,sennoside",A06AB02,N
CON06O,CONCOR,bisoprolol fumarate,C07AB07,N
CON07O,Concerta,methylphenidate,N06BA04,N
CON08O,Concor,bisoprolol fumarate,C07AB07,N
CON09O,CONCERTA,methylphenidate,N06BA04,N
CON10O,Const-K,potassium chloride,A12BA01,N
CON11O,CONCERTA,methylphenidate,N06BA04,N
CON12O,Convulex,sodium valproate,N03AG01,N
CON13O,Contrave,"bupropion hcl,naltrexone hcl",A08AA62,N
COP02I,Copaxone,glatiramer acetate,L03AX13,N
COR01O,Cortisone,cortisone acetate,H02AB10,N
COR02O,Coralan,ivabradine,C01EB17,N
COR03O,Cortiment,budesonide,A07EA06,N
COR05I,Cordarone,amiodarone hcl,C01BD01,N
COR05O,Cordarone,amiodarone hcl,C01BD01,N
COS02E,Cosopt,"dorzolamide,timolol",S01ED51,N
COS02I,Cosentyx,secukinumab,L04AC10,N
COU12S,Cough,platycodon fluidextract,R05FA02,N
COV01I,Covorin,folinic acid,V03AF03,N
COW01O,Cowbalin,mebendazole,P02CA01,N
CRA01E,Cravit,levofloxacin,S01AE05,N
CRA02O,Cravit,levofloxacin,J01MA12,Y
CRA03I,Cravit,levofloxacin,J01MA12,Y
CRE01I,Cresemba,isavuconazonium sulfate,J02AC05,Y
CRE01O,Crestor,rosuvastatin,C10AA07,N
CRE02O,Cretrol,"ezetimibe,rosuvastatin",C10BA06,N
CRE03O,Cresemba,isavuconazonium sulfate,J02AC05,Y
CUB01I,Cubicin,daptomycin,J01XX09,Y
CUR01O,Curam,amoxicillin+clavulanate,J01CR02,Y
CYA01I,Cyanocobalamin,cyanocobalamin,B03BA01,N
CYM01I,Cymevene,ganciclovir,J05AB06,Y
CYP01S,Cypromin,cyproheptadine hcl,R06AX02,N
CYT01I,Cytotect,"human immunoglobulin, cytomegalovirus an",J06BB09,N
CYT02O,Cytotec,misoprostol,A02BB01,N
DAF01O,Daflon,"diosmin,hesperidin",C05CA03,N
DAI01E,Daivonex,calcipotriol,D05AX02,N
DAI03E,Daivobet,"calcipotriol,betamethasone",D05AX52,N
DAL01O,Dalmadorm,flurazepam hcl,N05CD01,N
DAM01O,Dampurine,bethanechol chloride,N07AB02,N
DAY01O,Dayvigo,lemborexant,N05CM21,N
DEF02I,Deferoxamine,deferoxamine methane sulphonate,V03AC01,N
DEH01O,Dehypotin,pravastatin,C10AA03,N
DEL03O,Delcopan,dextromethorphan hbr,R05DA09,N
DEM01I,Demerol,pethidine,N02AB02,N
DEP01I,Depakine,sodium valproate,N03AG01,N
DEP01O,Depakine,sodium valproate,N03AG01,N
DEP02O,Depakine,sodium valproate,N03AG01,N
DEP03O,Depyretin,acetaminophen,N02BE01,N
DEP04S,Depakine,sodium valproate,N03AG01,N
DER03E,Derma,hydroquinone,D11AX11,N
DES03I,Desferrioxamine,deferoxamine methane sulphonate,V03AC01,N
DET02O,DETRUSITOL,tolterodine l-tartrate,G04BD07,N
DEV01E,Devirus,acyclovir,S01AD03,N
DEX01O,Dex-CTM,dexchlorpheniramine maleate,R06AB02,N
DEX02I,Dexamethasone,dexamethasone,H02AB02,N
DEX03I,Dextrose,glucose,B05BA03,N
DEX03O,Dexamethasone,dexamethasone,H02AB02,N
DIA01O,Diapin,diazepam,N05BA01,N
DIA03O,Diane-35,"cyproterone 2mg,ethinylestradiol 0.035mg",G03HB01,N
DIA04I,Diagnogreen,indocyanine green,V04,N
DIA04O,Diamicron,gliclazide,A10BB09,N
DIF01E,Difflam,benzydamine hcl,A01AD02,N
DIF01I,Diflucan,fluconazole,J02AC01,Y
DIF02E,Differin,adapalene,D10AD03,N
DIF02O,Dificid,fidaxomicin,A07AA12,Y
DIL01O,Dilantin,phenytoin,N03AB02,N
DIM04O,Dimotil,"pancreatin,metoclopramide",A03FA01,N
DIO01O,Diovan,valsartan,C09CA03,N
DIP02O,Dipyridamole,dipyridamole,B01AC07,N
DIP03O,Diphenidol,diphenidol,N07CA,N
DIP06I,Dipeptiven,"l-alanine,l-glutamine",A16AA03,N
DIP08I,Diphereline,triptorelin,L02AE04,N
DIP09I,Diphenhydramine,diphenhydramine hcl,R06AA02,N
DIQ01E,Diquas,diquafosol sodium,S01XA,N
DIT01O,Ditropan,oxybutynin chloride,G04BD04,N
DIV01E,Divigel,estradiol,G03CA03,N
DON02O,Donepezil,donepezil,N06DA02,N
DOP01O,Dopadine,amantadine sulfate,N04BB01,N
DOP02I,Dopamin,dopamine hcl,C01CA04,N
DOR01I,Dormicum,midazolam,N05CD08,N
DOR03O,Dormicum,midazolam,N05CD08,N
DOR04I,Dormicum,midazolam,N05CD08,N
DOR04O,Dorison,dexamethasone,H02AB02,N
DOS01O,Dostinex,cabergoline,G02CB03,N
DOX01O,Doxaben,doxazosin,C02CA04,N
DOX02O,Doxymycin,doxycycline,J01AA02,Y
DOX03O,Doxaben,doxazosin,C02CA04,N
DOX04O,Doxepin,doxepin,N06AA12,N
DRO01I,Dropel,droperidol,N05AD08,N
DUA01E,Duasma,budesonide,R03BA02,N
DUF01E,Dufanas,"azelastine hydrochloride,fluticasone pro",R01AD58,N
DUO01E,Duofilm,"salicylic acid, lactic acid",D02AF,N
DUO01O,Duodart,"dutasteride, tamsulosin",G04CA52,N
DUP01I,Dupixent,dupilumab,D11AH05,N
DUP04O,Dupin,diazepam,N05BA01,N
DUR01I,Duratocin,carbetocin,H01BB03,N
DUR05E,Duratears,mineral oil,S01XA20,N
DUX01O,Duxetine,duloxetine hcl,N06AX21,N
DYN01I,Dynastat,parecoxib,M01AH04,N
DYS01I,Dysport,clostridium botulinum toxin type a,M03AX01,N
EAR01E,Earflo,ofloxacin hcl,S02AA16,N
EAS01E,Easy,chlorhexidine gluconate,D08AC02,N
EAS02E,Easy,chlorhexidine gluconate,D08AC02,N
ECO03E,Econazine,"econazole nitrate 1%,triamcinolone acet",D01AC20,N
ECT02O,Ectrin,erdosteine,R05CB15,N
EDA01O,Edarbi,azilsartan medoxomil,C09CA09,N
EDI01O,Ediol,estradiol,G03CA03,N
EFE02O,EFFEXOR,venlafaxine (hcl),N06AX16,N
EFE03O,Effexor,venlafaxine (hcl),N06AX16,N
EFI01O,EFIENT,prasugrel hydrochloride,B01AC22,N
EFI02O,Efient,prasugrel hydrochloride,B01AC22,N
EFI03O,EFIENT,prasugrel hydrochloride,B01AC22,N
EFU01E,Efucon,metronidazole,D06BX01,N
ELI01I,Eligard,leuprorelin acetate,L02AE02,N
ELI02E,Elidel,pimecrolimus,D11AH02,N
ELI02I,Eligard,leuprorelin acetate,L02AE02,N
ELI02O,ELIQUIS,apixaban,B01AF02,N
ELI03E,Elisone,mometasone furoate,D07AC13,N
ELI03O,Eliquis,apixaban,B01AF02,N
ELT01O,Eltroxin,"thyroxine sodium, anhydrous",H03AA01,N
EME01O,Emetrol,domperidone,A03FA03,N
EME02O,Emend,aprepitant,A04AD12,N
EME03O,Emend,aprepitant,A04AD12,N
EML01E,Emla,"lidocaine,prilocaine",D04AB01,N
ENB01I,ENBREL,etanercept,L04AB01,N
ENB02I,Enbrel,etanercept,L04AB01,N
END02O,Endoxan,cyclophosphamide,L01AA01,N
ENG01I,Engerix-B,hepatitis b vaccine,J07BC01,N
ENO01E,Enoxolone,enoxolone,D03AX10,N
ENS01I,Enspryng,satralizumab,L04AC19,N
ENT01I,Entyvio,vedolizumab,L04AA33,N
ENT01O,Entresto,sacubitril/valsartan,C09DX04,N
ENT02I,Entyvio,vedolizumab,L04AA33,N
ENT02O,ENTRESTO,sacubitril/valsartan,C09DX04,N
ENT03O,Entresto,sacubitril/valsartan,C09DX04,N
ENV01I,EnVAX-A71,enterovirus 71,J07BX06,N
ENV02I,Envacgen,enterovirus 71,J07BX06,N
EPB01O,Epbutol,ethambutol,J04AK02,N
EPC01O,Epclusa,"sofosbuvir,velpatasvir",J05AP55,N
EPH01I,Ephedrine,ephedrine,C01CA26,N
EPI01E,Epirenin,epinephrine,B02BC09,N
EPO02I,Eprex,recombinant human erythropoietin (r-huep,B03XA01,N
EQU01O,Equfina,safinamide,N04BD03,N
ERA01I,Eraxis,anidulafungin,J02AX06,Y
ERA02O,Eraflu,oseltamivir,J05AH02,N
ERE01I,Erelzi,etanercept,L04AB01,N
ERG01O,Ergometrine,ergonovine maleate,G02AB03,N
ERL01O,Erleada,apalutamide,L02BB05,N
ERY03O,Erythromycin,erythromycin,J01FA01,Y
ESM01I,Esmeron,rocuronium bromide,M03AC09,N
ESM02I,Esmolol,esmolol hcl,C07AB09,N
EST04O,Estromon,conjugated estrogens,G03CA57,N
ESV01E,Esvatin,estriol,G03CA04,N
ESZ01O,Eszo,estazolam,N05CD04,N
ETU01O,Etumine,clotiapine,N05AH06,N
EUR02O,Euricon,benzbromarone,M04AB03,N
EVA01E,Evac,"sodium biphosphate,sodium phosphate",A06AG01,N
EVE01I,Evenity,romosozumab,M05BX06,N
EVI01O,Evista,raloxifene hcl,G03XC01,N
EVO01O,Evoxac,cevimeline hcl,N07AX03,N
EXE01E,Exelderm,sulconazole nitrate,D01AC09,N
EXE02E,Exelderm,sulconazole nitrate,D01AC09,N
EXE03E,Exelon,rivastigmine,N06DA03,N
EXE04O,Exelon,rivastigmine,N06DA03,N
EXE05O,EXELON,rivastigmine,N06DA03,N
EXE06O,Exelon,rivastigmine,N06DA03,N
EXF01O,Exforge(二合一),"amlodipine 5mg, valsartan 80mg",C09DB01,N
EXT01I,Extencilline,benzathine benzylpenicillin,J01CE08,Y
EYB01E,Eybelis,omidenepag isopropyl,S01EX06,N
EYL01I,Eylea,aflibercept,S01LA05,N
EYL02I,Eylea,aflibercept,S01LA05,N
EYL03I,EYLEA,aflibercept,S01LA05,N
EYL04I,EYLEA,aflibercept,S01LA05,N
EZE01O,Ezetrol,ezetimibe,C10AX09,N
FAB01I,Fabrazyme,agalsidase beta,A16AB04,N
FAM01O,Famo,famotidine,A02BA03,N
FAM02O,Famvir,famciclovir,J05AB09,Y
FAS01I,Faslodex,fulvestrant,L02BA03,N
FAS02I,Faslodex,fulvestrant,L02BA03,N
FAS03I,Fasturtec,rasburicase,V03AF07,N
FAS04I,Fasenra,benralizumab,R03DX10,N
FEB01O,Feburic,febuxostat,M04AA03,N
FEB02I,Fe-Back,iron sucrose,B03AC,N
FEL02O,Felpin,felodipine,C08CA02,N
FEM01O,Femara,letrozole,L02BG04,N
FEN01E,Fentanyl,fentanyl,N02AB03,N
FEN01I,Fentanyl,fentanyl,N01AH01,N
FEN02E,FENTANYL,fentanyl,N02AB03,N
FEN03E,Fentanyl,fentanyl,N02AB03,N
FEN06I,Fentanyl,fentanyl,N01AH01,N
FER01I,Feronsure,interferon alpha-2a,L03AB04,N
FER03O,Ferrum,iron,B03AB05,N
FES01E,Fespixon,"centella asiatica,plectranthus amboinicu",D03AX,N
FET01I,Fetroja,cefiderocol,J01DI04,Y
FIL01I,Filgrastim,filgrastim,L03AA02,N
FIL03I,FILGRASTIM,filgrastim,L03AA02,N
FIR01I,Firmagon,degarelix,L02BX02,N
FLE02I,Flexbumin,human albumin,B05AA01,N
FLI03E,Flixotide,fluticasone propionate,R03BA05,N
FLO01O,Florinef,fludrocortisone acetate,H02AA02,N
FLU01O,Flupine,fludiazepam,N05BA17,N
FLU01S,Fluzole,fluconazole,J02AC01,Y
FLU02E,Flucason,fluorometholone,S01BA07,N
FLU02O,Flusine,flucytosine,J02AX01,Y
FLU03O,Fluitran,trichlormethiazide,C03AA06,N
FLU04O,Fluzine,flunarizine (2hcl),N07CA03,N
FLU05I,Fluanxol,flupenthixol decanoate,N05AF01,N
FLU06O,Fluene,fluconazole,J02AC01,Y
FLU07I,Fluorescite,fluorescein sodium,S01JA01,N
FLU09E,FluMist,type a、a、b  influenza like virus,J07BB03,N
FLU09O,Fluoxetine,fluoxetine hcl,N06AB03,N
FLU11I,Flumarin,flomoxef sodium,J01DC14,Y
FLU19I,Flucelvax,type a、a、b  influenza like virus,J07BB02,N
FLU22I,Fluad,type a、a、b  influenza like virus,J07BB02,N
FOL01O,Folic,folic acid,B03BB01,N
FOL02O,Folina,folinic acid,V03AF03,N
FON01O,Fonosil,fosinopril,C09AA09,N
FOR01I,Forteo,teriparatide,H05AA02,N
FOR01O,Forxiga,dapagliflozin propanediol monohydrate,A10BK01,N
FOR02O,Forlax,polyethylene glycol 4000,A06AD15,N
FOS01E,Foster,"beclomethasone dipropionate,formoterol f",R03AK08,N
FOS02E,FOSTER,"beclomethasone dipropionate,formoterol f",R03AK08,N
FOS04O,Fosamax,"alendronate, vit d3",M05BB03,N
FOS05O,Fosrenol,lanthanum carbonate hydrate,V03AE03,N
FOY01I,Foy,gabexate mesilate,V03AX,N
FRA01I,Fragmin,dalteparin na,B01AB04,N
FRE01I,Fresofol,propofol,N01AX10,N
FRE02I,FRESOFOL,propofol,N01AX10,N
FRE03I,Fresofol,propofol,N01AX10,N
FRI01O,Frisium,clobazam,N05BA09,N
FRU01O,Fruzaqla,fruquintinib,L01EK04,N
FUC02O,Fucon,hyoscine-n-butylbromide,A03BB01,N
FUC03E,Fucidin,fusidate,D06AX01,N
FUL03I,Fulphila,pegfilgrastim,L03AA13,N
FUL04I,Fulphila,pegfilgrastim,L03AA13,N
FUM01S,Fumide,furosemide,C03CA01,N
FUR02I,Furoxime,cefuroxime sodium,J01DC02,Y
FUS01O,Fusodate,fusidate,J01XC01,Y
FUS02E,Fuskin,fusidic acid,D06AX01,N
FUS03E,Fusone,betamethasone,S01BA06,N
GAL02O,Galvus,"vildagliptin, metformin hcl",A10BD08,N
GAR03I,GARDASIL,9-valent human papillomavirus,J07BM03,N
GAS07O,Gaslan,dimethylpolysiloxane,A03AX13,N
GAV01O,Gavreto,pralsetinib,L01EX23,N
GEN01O,Genurso,ursodeoxycholic acid,A05AA02,N
GEN06E,GenterMAY,gentamicin sulfate,D06AX07,N
GEN07E,Gentamycin,gentamicin sulfate,S01AA11,N
GEN11I,Gendobu,dobutamine (hcl),C01CA07,N
GEN12I,Genso,atracurium besylate,M03AC04,N
GEO02O,Geodon,ziprasidone hcl monohydrate,N05AE04,N
GES01O,Gestrin,gestrinone,G03XA02,N
GIK01O,GI,"polyethylene glycol 3350,potassium chlor",A06AX,N
GIK02O,Giko,ginkgo biloba  extract,N06DX02,N
GIO01O,GIOTRIF,afatinib dimaleate,L01EB03,N
GIO02O,Giotrif,afatinib dimaleate,L01EB03,N
GIP01I,Gipamine,"dopamine hcl,glucose",C01CA04,N
GIT01I,Gitose,glucose,B05BA03,N
GIT02I,Gitose,glucose,B05BA03,N
GIT03I,Gitose,glucose,B05BA03,N
GLU03I,Vitagen,glucose,B05BA03,N
GLU04I,Vitagen,glucose,B05BA03,N
GLU07O,Glucophage,metformin hcl,A10BA02,N
GLU13I,Vitagen,glucose,B05BA03,N
GLU18I,Dextrose,"glucose, nacl",B05BB02,N
GLU25I,Dextrose,"glucose, nacl",B05BA10,N
GLU28O,Glustrong,glucosamine sulfate,M01AX05,N
GLU29I,Glucagen,glucagon (hcl),H04AA01,N
GLU30I,Gluco-methionin,"dextrose,methionine,niacinamide,pyridoxi",B05BA,N
GLY01O,Glycopyrodyn,glycopyrrolate,A03AB02,N
GLY02I,Glypressin(新),terlipressin acetate,H01BA04,N
GLY02O,Glyxambi,"empagliflozin,linagliptin",A10BD19,N
GLY08I,Glycopyrodyn,glycopyrrolate,A03AB02,N
GLY11I,Glycetose," glycerol,fructose,nacl",B05BC,N
HAL01I,Haldol,haloperidol,N05AD01,N
HAL02O,Halcion,triazolam,N05CD05,N
HAR04O,HARNALIDGE,tamsulosin hcl,G04CA02,N
HEM11I,Hemoclot,tranexamic acid,B02AA02,N
HEP01I,Heparin,heparin sodium,B01AB01,N
HEP08I,Hepatect,human hepatitis b immunoglobulin,J06BB04,N
HEP16I,Hepac,heparin sodium,B01AB01,N
HER08I,Herbesser,diltiazem hcl,C08DB01,N
HID02O,Hidrasec,racecadotril,A07XA04,N
HUM08I,Humira,adalimumab,L04AB04,N
HUM12I,Humalog,"insulin lispro 25%,lispro protamine 75%",A10AD04,N
HUM14I,HUMALOG,"insulin lispro 50%,lispro protamine 50%",A10AD04,N
HYD02E,Hydrocortisone,hydrocortisone acetate,D07AA02,N
HYD03E,H2O2,hydrogen peroxide,D08AX01,N
HYD04O,Hydrea,hydroxyurea,L01XX05,N
HYZ01O,Hyzaar,"hydrochlorothiazide,losartan potassium",C09DA01,N
IBI01O,Ibimo,isosorbide-5-mononitrate,C01DA14,N
IBR01O,IBRANCE,palbociclib,L01EF01,N
IBR02O,Ibrance,palbociclib,L01EF01,N
ICH01E,Ichderm,doxepin hcl,D04AX,N
IDO02S,Idofen,ibuprofen,M01AE01,N
IMB01O,Imbruvica,ibrutinib,L01EL01,N
IMI01E,Imigran,sumatriptan,N02CC01,N
IMI02O,Imigran,sumatriptan,N02CC01,N
IMO02O,Imovane,zopiclone,N05CF01,N
IMU01O,Imuran,azathioprine,L04AX01,N
IND06O,Indoy,indomethacin,M01AB01,N
INL02O,INLYTA,axitinib,L01EK01,N
INR01O,Inrebic,fedratinib dihydrochloride monohydrate,L01EJ02,N
INS01O,Inspra,eplerenone,C03DA04,N
INS03I,Insulatard,human insulin (lente),A10AC01,N
INV01I,Invanz,ertapenem,J01DH03,Y
INV01O,Invega,paliperidone,N05AX13,N
INV02I,Invega,paliperidone,N05AX13,N
INV02O,INVEGA,paliperidone,N05AX13,N
INV03I,INVEGA,paliperidone,N05AX13,N
INV04I,Invega,paliperidone,N05AX13,N
INV05I,INVEGA,paliperidone,N05AX13,N
INV07I,INVEGA,paliperidone,N05AX13,N
IOP05I,Iopamiro,iopamidol,V08AB04,N
IPR02E,Ipratran,ipratropium,R03BB01,N
IRE01O,Iressa,gefitinib,L01EB01,N
ISO06O,Isoniazide,isoniazid,J04AC01,N
ISO07O,IsoMIL(Verapamil),verapamil,C08DA01,N
ISO08O,ISOPTIN,verapamil,C08DA01,N
ISO09O,Isormol(Is-5-Mn),isosorbide-5-mononitrate,C01DA14,N
ISO12O,Isobide,isosorbide dinitrate,C01DA08,N
JAD01O,Jadenu,deferasirox,V03AC03,N
JAK01O,Jakavi,ruxolitinib,L01EJ01,N
JAK02O,JAKAVI,ruxolitinib,L01EJ01,N
JAK03O,JAKAVI,ruxolitinib,L01EJ01,N
JAN01O,Januvia,sitagliptin,A10BH01,N
JAN02O,JANUMET,"metformin hcl,sitagliptin",A10BD07,N
JAR01O,Jardiance,empagliflozin,A10BK03,N
JAR02O,JARDIANCE,"empagliflozin,metformin hcl",A10BD20,N
JIN01O,Jinarc,tolvaptan,C03XA01,N
JIN02O,JINARC,tolvaptan,C03XA01,N
JIN03O,JINARC,tolvaptan,C03XA01,N
JIN04O,JINARC,tolvaptan,C03XA01,N
JIN05O,JINARC,tolvaptan,C03XA01,N
JUN01E,Jun,chlorhexidine gluconate,D08AC02,N
JUV01O,Juvela,tocopherol nicotinate,A11HA03,N
JYS01O,Jyseleca,filgotinib maleate,L04AF04,N
KAL01O,Kalimate,calcium polystyrene sulfonate,V03AE01,N
KAR01E,Kary,pirenoxine,S01XA,N
KCB01O,KCB,tripotassium dicitrate bismuthate,A07BB,N
KCI01O,K-Citrate,"potassium citrate monohydrate, citric ac",G04BC,N
KEL01E,Kelac,ketorolac,S01BC05,N
KEP01I,Keppra,levetiracetam,N03AX14,N
KEP01O,Keppra,levetiracetam,N03AX14,N
KEP01S,Keppra,levetiracetam,N03AX14,N
KER02O,Kerendia,finerenone,C03DA05,N
KER03O,KERENDIA,finerenone,C03DA05,N
KET01E,KETO,ketoprofen,M02AA10,N
KET01I,Ketalar,ketamine hcl,N01AX03,N
KET04O,Ketosteril,"ketoanalogues, essential amino acids",V06DD,N
KET05I,Keto,ketorolac,M01AB15,N
KGL01S,K-Glu,potassium gluconate,A12BA05,N
KID01S,Kidsolone,prednisolone,H02AB06,N
KIS01O,Kisqali,ribociclib,L01EF02,N
KLA01O,Klaricid,clarithromycin,J01FA09,Y
KOC01O,Kocel,psyllium husk,A06AC01,N
KRE03O,Kremezin,spherical absorptive carbon,A07BA01,N
LAB01O,Labtal,labetalol hcl,C07AG01,N
LAC02I,Lactated,"nacl, kcl, cacl2, sodium lactate",B05CB10,N
LAC03S,Lactul,lactulose,A06AD11,N
LAI01O,Laidec,riluzole,N07XX02,N
LAM02O,Lamictal,lamotrigine,N03AX09,N
LAN02O,Lanoxin,digoxin,C01AA05,N
LAN03I,Lanoxin,digoxin,C01AA05,N
LAT01O,Latuda,lurasidone,N05AE05,N
LCA01I,L-Carnit,levocarnitine,A16AA01,N
LEA01O,Leavdo,lenalidomide,L04AX04,N
LEE02O,Leevk,imatinib mesylate,L01EA01,N
LEN03O,Lendormin,brotizolam trituration,N05CD09,N
LEN04O,LENVIMA,lenvatinib mesilate,L01EX08,N
LEN05O,Lenvima,lenvatinib mesilate,L01EX08,N
LEQ01I,Leqvio,inclisiran sodium,C10AX16,N
LEQ02I,Leqembi,lecanemab,N06DX04,N
LES03O,Lescol,fluvastatin (sodium),C10AA04,N
LES05O,Lesiton,dihydroergotamine methanesulfonate,N02CA01,N
LEU05I,Leuplin,leuprorelin acetate,L02AE02,N
LEU05O,Leukeran,chlorambucil,L01AA02,N
LEU09I,Leuplin,leuprorelin acetate,L02AE02,N
LEV02I,Levemir,insulin detemir,A10AE05,N
LEX04O,Lexotan,bromazepam,N05BA08,N
LHR02I,LHRH,gonadorelin acetate,H01CA01,N
LIC01O,Licodin,ticlopidine hcl,B01AC05,N
LID01E,Lidopat,lidocaine,D04AB01,N
LID01I,Lidophrine,"lidocaine 2%,epinephrine0.002%",N01BB52,N
LID01O,Lidin,lithium carbonate,N05AN01,N
LID02E,Lidocaine,lidocaine,N01BB02,N
LID03I,Lidocaine,lidocaine,C01BB01,N
LID04I,Lidocaine,lidocaine,N01BB02,N
LIN01O,Linicor,"niacin, lovastatin",C10AD52,N
LIN03O,Lindacin,clindamycin,J01FF01,Y
LIP01O,LipDOWN,gemfibrozil,C10AB04,N
LIP13O,Lipitor,atorvastatin,C10AA05,N
LIP14O,Lipanthyl,fenofibrate,C10AB05,N
LIV01O,Livial,tibolone,G03CX01,N
LIV02O,Livalo,pitavastatin,C10AA08,N
LIX01O,Lixiana,edoxaban,B01AF03,N
LIX02O,LIXIANA,edoxaban,B01AF03,N
LIX03O,Lixiana,edoxaban,B01AF03,N
LIX04O,Lixiana,edoxaban,B01AF03,N
LIX05O,Lixiana,edoxaban,B01AF03,N
LIX06O,LIXIANA,edoxaban,B01AF03,N
LOK01O,Lokelma,sodium zirconium cyclosilicate,V03AE10,N
LOM02E,Lomexin,fenticonazole,D01AC12,N
LON02O,Lonine,etodolac,M01AB08,N
LON04O,LONSURF,"tipiracil hydrochloride,trifluridine",L01BC59,N
LON05O,Lonsurf,"tipiracil hydrochloride,trifluridine",L01BC59,N
LON06O,Lonfilis,tadalafil,G04BE08,N
LOP02O,Loperam,loperamide hcl,A07DA03,N
LOR02O,Lorviqua,lorlatinib,L01ED05,N
LOW01I,Low,"dextran 40,dextrose",B05AA05,N
LOX01O,Loxol,ambroxol hcl,R05CB06,N
LUC01O,Luckyhepa,"b12,b2,b6,nicotina,silymarin,vit b1",A05BA03,N
LUC02I,Lucentis,ranibizumab,S01LA04,N
LUC03I,Lucentis,ranibizumab,S01LA04,N
LUM01E,Lumigan,bimatoprost,S01EE03,N
LUM03I,Lumicef,brodalumab,L04AC12,N
LYA01I,Lyacety,aspirin (acetylsalicylic acid),N02BA01,N
LYN01O,Lynparza,olaparib,L01XK01,N
LYR01O,Lyrica,pregabalin,N02BF02,N
MAC02O,Macalol,vitamin d derivative (calcitriol),A11CC04,N
MAD03O,Madopar,"levodopa,benserazide",N04BA02,N
MAD04O,MADOPAR,"levodopa,benserazide",N04BA02,N
MAG03I,Mag.,magnesium sulfate,A12CC02,N
MAG05O,Magnesium,magnesium oxide,A06AD02,N
MAN01I,Maniton,mannitol,B05BC01,N
MAR01I,Marcaine,bupivacain hcl,N01BB01,N
MAR02I,Marcaine,bupivacain hcl,N01BB01,N
MAR03I,Marcaine,bupivacain hcl,N01BB01,N
MAV02O,Mavenclad,cladribine,L04AA40,N
MEC01O,Meclizine,meclizine hcl,R06AE05,N
MEC02O,Mecater,procaterol hydrochloride hemihydrate,R03CC08,N
MED02O,Medicon-A,"dextromethorphan hbr, pot. cresolsulfona",R05FA02,N
MEG04S,Megest,megestrol acetate,L02AB01,N
MEK01O,Mekinist,trametinib,L01EE01,N
MEL02O,Meletin,mexiletine hcl,C01BB02,N
MEL03O,Meloxin,meloxicam,M01AC06,N
MEN01I,Menocik,minocycline,J01AA08,Y
MEN01O,Menisone,methylprednisolone,H02AB04,N
MEN06E,Menphencala,"calamine, zinc oxide, sodium carboxymeth",D02AB,N
MEP01S,Meptin,procaterol hcl hemihydrate,R03CC08,N
MEP02I,Mepem,meropenem,J01DH02,Y
MER02O,Mero,minocycline,J01AA08,Y
MES01E,Mesa,mesna,R05CB05,N
MES01O,Mestinon,pyridostigmine,N07AA02,N
MES02O,Mesyrel,trazodone hcl,N06AX05,N
MET02I,Methycobal,mecobalamin,B03BA05,N
MET05O,Methotrexate,methotrexate,L04AX03,N
MET06O,Methyldopa,methyldopa,C02AB01,N
MET07O,MethyCOBAL(B12),mecobalamin,B03BA05,N
MET15I,Methylergonovine,methylergonovine maleate,G02AB01,N
MET18O,Metrozole,metronidazole,P01AB01,Y
MET19O,Methydur,methylphenidate,N06BA04,N
MET20O,METHYDUR,methylphenidate,N06BA04,N
MEV05O,Mevalotin,pravastatin,C10AA03,N
MEZ01O,Mezavant,mesalazine,A07EC02,N
MIA02I,Miacalcic,salmon calcitonin,H05BA01,N
MID01I,Midatin,midazolam,N05CD08,N
MID01O,Midorine,midodrine hcl,C01CA17,N
MID02I,MIDATIN,midazolam,N05CD08,N
MIL02I,Millisrol,nitroglycerin,C01DA02,N
MIN06I,Minirin,desmopressin acetate (ddavp),H01BA02,N
MIN08O,MINIRIN,desmopressin,H01BA02,N
MIR01I,Mircera,methoxy polyethylene glycol-epoetin beta,B03XA01,N
MIR03E,Mirena,levonorgestrel,G03AD01,N
MIR03I,MIRCERA,methoxy polyethylene glycol-epoetin beta,B03XA01,N
MIR03O,Mirobect,atenolol,C07AB03,N
MIR04O,Mirapex,pramipexole,N04BC05,N
MIR05O,MIRAPEX,pramipexole,N04BC05,N
MIY01O,Miyarisan,clostridium butyricum miyairi,A07FA,N
MIY02O,Miyaphargen,"dl-methionine,glycine,glycyrrhizin",A05BA,N
MMR04I,MMR,measles-mumps-rubella vaccine,J07BD52,N
MMR06I,MMR,measles-mumps-rubella vaccine,,N
MOC01O,Mocalm,"flupentixol 0.5mg,melitracen 10mg",N06AA14,N
MOD02O,Modipanol,flunitrazepam,N05CD03,N
MON04O,Monurol,fosfomycin trometamol,J01XX01,Y
MOP01O,Mopride,mosapride,A03FA09,N
MOR01I,Morphine,morphine,N02AA01,N
MOR06O,Morphine,morphine sulphate,N02AA01,N
MOU01I,Mounjaro,tirzepatide,A10BX16,N
MOU02I,Mounjaro,tirzepatide,A10BX16,N
MOU03I,Mounjaro,tirzepatide,A10BX16,N
MOU04I,MOUNJARO,tirzepatide,A10BX16,N
MOU05I,MOUNJARO,tirzepatide,A10BX16,N
MUA01O,Muaction,tramadol hcl,N02AX02,N
MUL01O,Multaq,dronedarone hydrochloride,C01BD07,N
MYC01I,Mycamine,micafungin sodium,J02AX05,Y
MYC02O,Mycobutin,rifabutin,J04AB04,N
MYC03E,My,"neomycin,nystatin,gramicidin,triamcinolo",D07CB01,N
MYC04O,Mycros,metolazone,C03BA08,N
MYC05O,Mycocep,mycophenolate mofetil,L04AA06,N
MYF01O,Myfortic,mycophenolic acid,L04AA06,N
NAL01I,Naloxone,naloxone,V03AB15,N
NAL02I,Naldebain,dinalbuphine sebacate,N02AF02,N
NAP04O,Naposin,naproxen,M01AE02,N
NAT01E,Natesto,testosterone,G03BA03,N
NAT03O,Natrilix,indapamide hemihydrate,C03BA11,N
NAV04O,Navelbine,vinorelbine tartrate,L01CA04,N
NAV05O,NAVELBINE,vinorelbine tartrate,L01CA04,N
NEB01I,Nebido,testosterone undecanoate,G03BA03,N
NEB01O,Nebilet,nebivolol,C07AB12,N
NEO01E,Neomycin,neomycin sulfate,D06AX04,N
NEO02E,Neostigmin,neostigmine methylsulfate,S01EB06,N
NEO02O,Neomycin,neomycin sulfate,J01GB05,Y
NEO04E,NEO,purified perillyl alcohol,,N
NEO05O,Neoral,cyclosporine,L04AD01,N
NEO05S,Neoral,cyclosporine,L04AD01,N
NEO06O,Neoral,cyclosporine,L04AD01,N
NEP01I,Nephrosteril,"amino acids 7%(60% essential, 40% non-es",B05BA01,N
NER01O,Nerlynx,neratinib,L01EH02,N
NES02I,NESP,darbepoetin alfa,B03XA02,N
NEU01E,Neupro,rotigotine,N04BC09,N
NEU01O,Neuquinon,ubidecarenone,C01EB09,N
NEU02E,NEUPRO,rotigotine,N04BC09,N
NEU03O,Neurontin,gabapentin,N02BF01,N
NEU04O,NEURONTIN,gabapentin,N02BF01,N
NEX01O,Nexium,esomeprazole,A02BC05,N
NEX02O,Nexavar,sorafenib,L01EX02,N
NIC01E,Nicorette,nicotine,N07BA01,N
NIC04O,Nicorette,nicotine,N07BA01,N
NIC05O,NICORETTE,nicotine,N07BA01,N
NIF01O,Nifedipine,nifedipine,C08CA05,N
NIG01O,Nigoline,nicergoline,C04AE02,N
NIL02O,Nilasen,betahistine 2hcl,N07CA01,N
NIM01I,Nimotop,nimodipine,C08CA06,N
NIM01O,Nimotop,nimodipine,C08CA06,N
NIM03I,Nimbex,cisatracurium besylate,M03AC11,N
NIN01O,Ninlaro,ixazomib citrate,L01XG03,N
NIN02E,Nincort,triamcinolone acetonide,A01AC01,N
NIN02O,NINLARO,ixazomib citrate,L01XG03,N
NIV01I,Nivestim,filgrastim,L03AA02,N
NOL01O,Nolvadex,tamoxifen,L02BA01,N
NOO02I,Noopol,piracetam,N06BX03,N
NOR01I,Norepinephrine,norepinephrine bitartrate (l-arterenol/l,C01CA03,N
NOR01O,Norina,norethisterone acetate,G03DC02,N
NOR04I,Normal,sodium chloride,B05XA03,N
NOR07O,Norvasc,amlodipine besylate,C08CA01,N
NOR26I,Isotonic,sodium chloride,B05XA03,N
NOR28E,N.S.,sodium chloride,B05CB01,N
NOR29E,N.S.,sodium chloride,B05CB01,N
NOT02O,Notholic,naltrexone hcl,N07BB04,N
NOV01I,Novamin,prochlorperazine,N05AB04,N
NOV04I,NovoRapid,insulin aspart,A10AB05,N
NOV07I,NovoRapid,insulin aspart,A10AB05,N
NOV08I,NovoMix,"30%insulin aspart,70%protamine",A10AD05,N
NTG01O,NTG,nitroglycerin,C01DA02,N
NUB01O,Nubeqa,darolutamide,L02BB06,N
NUC02I,Nucala,mepolizumab,R03DX09,N
NUR01O,Nurtec,rimegepant,N02CD06,N
NUS01O,Nuspas,hyoscyamine sulfate,A03BA03,N
NYS01O,Nystatin,nystatin,A07AA02,Y
OFE01O,Ofev,nintedanib ethanesulfonate,L01EX09,N
OLA01O,Olan,olanzapine,N05AH03,N
OLM03O,Olmetec,olmesartan medoxomil,C09CA08,N
OLS01O,OlsaaCa,"amlodipine 5mg,olmesartan 40mg",C09DB02,N
OLU01O,Olumiant,baricitinib,L04AA37,N
ONC01I,OncoTICE(2-8x10^8,bcg,L03AX03,N
ONG01O,ONGLYZA,saxagliptin,A10BH03,N
ONG03O,Ongentys,opicapone,N04BX04,N
OPI01E,Opiodur,fentanyl,N02AB03,N
OPI02E,Opiodur,fentanyl,N02AB03,N
OPS01O,Opsumit,macitentan,C02KX04,N
OPT01E,Optive,"carboxymethylcellulose sodium,glycerin",S01XA20,N
OPT02E,Optive,"carboxymethylcellulose sodium,glycerin,p",S01XA,N
ORA02O,Oraphine,nalbuphine hydrochloride,N02AF02,N
ORE01I,ORENCIA,abatacept,L04AA24,N
ORE02I,Orencia,abatacept,L04AA24,N
OTO01E,Otozambon,"polymyxin b, neomycin, lidocaine",S02AA30,N
OXA03I,Oxacillin,oxacillin,J01CF04,Y
OXB01O,Oxbu,oxybutynin chloride,G04BD04,N
OXY01I,Oxytocin,oxytocin,H01BB02,N
OXY01O,OxyNorm,oxycodone,N02AA05,N
OXY02O,Oxycontin,oxycodone,N02AA05,N
OXY03O,OXYCONTIN,oxycodone,N02AA05,N
OXY04O,Oxycodone,oxycodone,N02AA05,N
OZE01I,Ozempic,semaglutide,A10BJ06,N
OZE02I,OZEMPIC,semaglutide,A10BJ06,N
OZU01I,Ozurdex,dexamethasone,S01BA01,N
OZU02I,Ozurdex(恩慈),dexamethasone,S01BA01,N
PAI02O,Painkyl,fentanyl citrate,N02AB03,N
PAN01O,Pantoloc,pantoprazole sodium,A02BC02,N
PAN02I,Pantoloc,pantoprazole sodium,A02BC02,N
PAR08E,Parmason,chlorhexidine gluconate,R02AA05,N
PAR08O,Pariet,sodium rabeprazole,A02BC04,N
PAR09O,Parotin,dipyridamole,B01AC07,N
PAT02E,Patanol,olopatadine,S01GX09,N
PAT02I,Patent,patent blue v,V04CX09,N
PAX03O,Paxlovid,"nirmatrelvir,ritonavir",J05AE03,N
PEN01O,Pentop,pentoxifylline,C04AD03,N
PEN02O,Pentasa,mesalazine,A07EC02,N
PEN03O,Pentixol,flupenthixol,N05AF01,N
PEN05I,Penicillin,penicillin g sodium,J01CE01,Y
PEN11I,Penem,"imipenem,cilastatin",J01DH51,Y
PER04E,Permethrin,permethrin,P03AC04,N
PER05I,Perdipine,nicardipine hcl,C08CA04,N
PEY01I,Peyona,caffeine citrate,N06BC01,N
PG201I,PG2,polysaccharides of astragalus membranace,V03AX,N
PHE01I,Phenobital,phenobarbital,N03AA02,N
PHE01O,Phenobarbital,phenobarbital,N03AA02,N
PHE03E,Phenylephrine,phenylephrine hcl,S01FB01,N
PHI01E,Phisohex,chlorhexidine gluconate,D08AC02,N
PHY01I,Phytonadione(Vit,vitamin k1 (phytonadione),B02BA01,N
PIC03O,Picetam,piracetam,N06BX03,N
PIL04O,Pilian,cyproheptadine,R06AX02,N
PIL06E,Pilocarpine,pilocarpine,S01EB01,N
PIN01O,Pinsaun,amitriptyline hcl,N06AA09,N
PIQ03O,Piqray,alpelisib,L01EM03,N
PIR01O,Pirespa,pirfenidone,L04AX05,N
PIR01S,Piracetam,piracetam,N06BX03,N
PIT02I,Pitressin,vasopressin (anginine vasopressin),H01BA01,N
PLA02O,Plaquenil,hydroxychloroquine sulfate,P01BA02,N
PLA03O,Plavix,clopidogrel,B01AC04,N
PLE02E,Plegisol,"nacl, cacl2.2h2o, mgcl2.6h2o, kcl",B05CB10,N
PLE02O,Pletaal,cilostazol,B01AC23,N
PLE03I,PLEGRIDY,peginterferon beta-1a,L03AB13,N
PMS01O,Pms-Desmopressin,desmopressin acetate trihydrate,H01BA02,N
PNE05I,Pneumovax,pneumococcal vaccine polyvalent,J07AL01,N
POM01O,Pomalyst,pomalidomide,L04AX06,N
POM02O,POMALYST,pomalidomide,L04AX06,N
POS04E,Posuline,"cinchocaine hydrochloride,polycresolsulf",C05AD04,N
POS04O,Posanol,posaconazole,J02AC04,Y
POT01I,Pot,potassium chloride,A12BA01,N
PRA01O,Pradaxa,dabigatran etexilate mesilate,B01AE07,N
PRA02O,PRADAXA,dabigatran etexilate mesilate,B01AE07,N
PRA03I,Praluent,alirocumab,C10AX14,N
PRA04I,Praxbind,idarucizumab,V03AB37,N
PRE01I,Precedex,dexmedetomidine,N05CM18,N
PRE02E,Premarin,conjugated estrogens,G03CA57,N
PRE02I,Prevenar,"carrier protein,polysaccharide multi-ser",J07AL02,N
PRE05E,Pred,prednisolone acetate,S01BA04,N
PRE20I,PREVENAR,"carrier protein,polysaccharide multi-ser",J07AL02,N
PRI02O,Priligy,dapoxetine hydrochloride,G04BX14,N
PRI03I,Prismasol,"sodium bicarbonate, calcium chloride dih",B05ZB,N
PRI04I,Primacor,milrinone lactate,C01CE02,N
PRI05I,Privigen,human immunoglobulin,J06BA02,N
PRO01I,Prolia,denosumab,M05BX04,N
PRO02E,Proparacaine,proparacaine,S01HA04,N
PRO02I,Promeran,metoclopramide,A03FA01,N
PRO05I,Protamine,protamine sulfate,V03AB14,N
PRO09I,PROGESTERONE,progesterone,G03DA04,N
PRO10O,Procil,propyl-thiouracil,H03BA02,N
PRO11O,Provera,medroxyprogesterone acetate,G03DA02,N
PRO12I,Progeston,hydroxyprogesterone caproate,G03DA03,N
PRO14I,Promostan,prostaglandin e1 (pge1)(alprostadil),C01EA01,N
PRO15O,Procal,calcium acetate 667mg (ca: 169mg),V03AE07,N
PRO17O,Prograf,tacrolimus,L04AD02,N
PRO18O,PROGRAF,tacrolimus,L04AD02,N
PRO19E,Prostin,dinoprostone,G02AD02,N
PRO20O,Propranolol,propranolol,C07AA05,N
PRO21O,Propecia,finasteride,D11AX10,N
PRO22I,Isoproternol,isoproterenol,C01CA02,N
PRO25O,Progor,diltiazem hcl,C08DB01,N
PRO27E,Protopic,tacrolimus,D11AH01,N
PRO28O,Prograf,tacrolimus,L04AD02,N
PRO29I,Prograf,tacrolimus,L04AD02,N
PRO29O,Protase,pancrelipase,A16AB,N
PRO30O,Provigil,modafinil,N06BA07,N
PRO31O,Promeran,metoclopramide,A03FA01,N
PUL03E,Pulmicort,budesonide,R03BA02,N
PYR04I,Pyridoxal,vitamin b6 (pyridoxal phosphate),A11HA06,N
PYR05O,Pyrazinamide,pyrazinamide,J04AK01,N
QTE01O,Qtern,"saxagliptin,dapagliflozin",A10BD21,N
QTI01S,Qting,quetiapine fumarate,N05AH04,N
QUI05O,Quinidine,quinidine,C01BA01,N
RAK01O,Rakinson,rasagiline mesylate,N04BD02,N
RAN02O,Rancad,ranolazine,C01EB18,N
RAP01O,Rapamune,sirolimus,L04AA10,N
RAP04I,Rapiacta,peramivir,J05AH,N
RAS01O,Rasitol,furosemide,C03CA01,N
REB01I,Rebif,interferon beta-1a,L03AB07,N
REB02I,Rebif,interferon beta-1a,L03AB07,N
REC03I,Recormon,epoetin beta,B03XA01,N
REL02I,Relaxin,succinylcholine,N07AB,N
REL02O,Relazide,"hydralazine,hydrochlorothiazide,reserpin",C02LA51,N
REL03E,Relvar,"fluticasone furoate,vilanterol",R03AK10,N
REL03O,Relinide,repaglinide,A10BX02,N
REL04E,RELVAR,"fluticasone furoate,vilanterol",R03AK10,N
REM01S,Remaltin,gabapentin,N03AX12,N
REM03I,Remsima,infliximab,L04AB02,N
REM04I,Remifentanil,remifentanil,N01AH06,N
REP01I,Repatha,evolocumab,C10AX13,N
REP02I,Repatha,evolocumab,C10AX13,N
REQ02O,REQUIP,ropinirole (hcl),N04BC04,N
REQ03O,Requip,ropinirole (hcl),N04BC04,N
RES01E,Restasis,cyclosporine,S01XA18,N
REV02O,Revatio,sildenafil,G04BE03,N
REV03O,Revlimid,lenalidomide,L04AX04,N
REV04O,REVLIMID,lenalidomide,L04AX04,N
REV05O,Revlimid,lenalidomide,L04AX04,N
REV06O,Revolade,"eltrombopag olamine, milled",B02BX05,N
REV07O,REVLIMID,lenalidomide,L04AX04,N
REX01O,Rexulti,brexpiprazole,N05AX16,N
RHE01I,Rheomacrodex,"dextran 40,dextrose",B05AA05,N
RHO01I,Rho(D),"gamma globulin,anti-rho(d)",J06BB01,N
RHY01O,Rhynorm,propafenone hcl,C01BC03,N
RIB03O,Ribarin,ribavirin,J05AP01,N
RIF08O,RIFAMPICIN,rifampicin,J04AB02,N
RIN01E,Rinderon-V,betamethasone,D07AC01,N
RIN02E,Rinderon-A,"betamethasone disodium phosphate 0.1%, f",S01CA05,N
RIN03O,Rinvoq,upadacitinib,L04AA44,N
RIN04O,RINVOQ,upadacitinib,L04AF03,N
RIN12I,Ringer,"nacl, kcl, cacl2",A12CA01,N
RIN13I,Rinderon,betamethasone,H02AB01,N
RIS02O,RISPERDAL,risperidone,N05AX08,N
RIT01O,Ritalin,methylphenidate,N06BA04,N
RIT02O,RITALIN,methylphenidate,N06BA04,N
RIV01S,Rivast,rivastigmine,N06DA03,N
RIV04O,RIVOtril,clonazepam,N03AE01,N
RIV05O,RIVOTRIL,clonazepam,N03AE01,N
RIX01O,Rixia,metolazone,C03BA08,N
RIZ01O,Rizatan,rizatriptan benzoate,N02CC04,N
ROA02O,Roaccutane,isotretinoin,D10BA01,N
ROC01I,Rocuronium,rocuronium bromide,M03AC09,N
ROL01I,Rolikan,sodium bicarbonate,B05XA02,N
ROL02I,ROLIKAN,sodium bicarbonate,B05XA02,N
ROP01I,Ropica,ropivacaine,N01BB09,N
ROS01I,Rosis,furosemide,C03CA01,N
ROT02S,Rotarix,human rotavirus(rix4414),J07BH01,N
ROT03S,RotaTeq,"rotavirus vaccine(g1,p1,g2,g3,g4)",J07BH01,N
ROZ01O,Rozerem,ramelteon,N05CH02,N
ROZ02O,Rozlytrek,entrectinib,L01EX14,N
RSV01I,RSV,rsv antigen,J07BX05,N
RYB01O,Rybelsus,semaglutide,A10BJ06,N
RYB02O,RYBELSUS,semaglutide,A10BJ06,N
RYB03O,RYBELSUS,semaglutide,A10BJ06,N
RYD01O,Rydapt,midostaurin,L01EX10,N
RYZ01I,Ryzodeg,"insulin aspart,insulin degludec",A10AD06,N
SAB01I,SABS,metronidazole,J01XD01,Y
SAI01I,Saizen,somatropin,H01AC01,N
SAI02I,Saizen,somatropin,H01AC01,N
SAL01I,Saline,sodium chloride,B05XA03,N
SAL01O,Salazine,sulfasalazine,A07EC01,N
SAL02I,Saline,sodium chloride,B05XA03,N
SAL02O,Saltolin,salbutamol,R03CC02,N
SAL03E,Saldolin,salbutamol,R03AC02,N
SAL03I,Saline,sodium chloride,B05XA03,N
SAL04I,Saline,sodium chloride,B05XA03,N
SAL05I,Saline,sodium chloride,B05XA03,N
SAL05O,Salagen,pilocarpine,N07AX01,N
SAM01O,Samsca,tolvaptan,C03XA01,N
SAN01O,Sanyl,nicametate citrate,C04AC,N
SAN04I,Sandostatin,octreotide,H01CB02,N
SAN05I,Sandostatin,octreotide,H01CB02,N
SCE01O,Scemblix,asciminib hydrochloride,L01EA06,N
SCR01S,Scrat,sucralfate,A02BX02,N
SEC04S,Secorine,"guaifenesin,methylephedrine,chlorphenira",R06AB54,N
SER01S,Seridol,risperidone,N05AX08,N
SER03O,Seroquel,quetiapine fumarate,N05AH04,N
SER05O,SEROQUEL,quetiapine fumarate,N05AH04,N
SER09E,Seretide,"fluticasone propionate,salmeterol",R03AK06,N
SER09O,Seroquel,quetiapine fumarate,N05AH04,N
SER12E,SERETIDE,"fluticasone propionate,salmeterol",R03AK06,N
SET01O,Setine,paroxetine hcl,N06AB05,N
SET02I,Setron,granisetron,A04AA02,N
SET02O,Setron,granisetron,A04AA02,N
SEV01I,Sevatrim,"sulfamethoxazole,trimethoprim",J01EE01,Y
SEV01O,Sevina,"estradiol,norethisterone acetate",G03FB05,N
SEV03O,SEVIKAR,"amlodipine 5mg,olmesartan 40mg",C09DB02,N
SHI02I,SHINCORT,triamcinolone acetonide,H02AB08,N
SHI03I,Shingrix,varicella zoster virus glycoprotein e,J07BK03,N
SIG01O,SIGMART,nicorandil,C01DX16,N
SIL03E,Siliverzine,silver sulfadiazine,D06BA01,N
SIL05E,Silver,silver nitrate,D08AL01,N
SIL06E,SILIVERZINE,silver sulfadiazine,D06BA01,N
SIL07O,Silence,lorazepam,N05BA06,N
SIM01E,Simbrinza,"brimonidine tartrate,brinzolamide",S01EC54,N
SIM01I,Simdax,levosimendan,C01CX08,N
SIM02I,Simponi,golimumab,L04AB06,N
SIN01E,Sindecon,oxymetazoline,R01AA05,N
SIN01I,Sintrix,ceftriaxone,J01DD04,Y
SIN03E,Sindine,povidone-iodine,D08AG02,N
SIN06E,Sinomin,sulfamethoxazole,S01AB,N
SIN10O,Singulair,montelukast (sodium),R03DC03,N
SIN11E,Sindine,povidone-iodine,D08AG02,N
SIN12E,Sindine,povidone-iodine,D08AG02,N
SIN13E,Sindine,povidone-iodine,D08AG02,N
SIN14E,Sindine,povidone-iodine,D08AG02,N
SIN15E,Sintropic,tropicamide,S01FA06,N
SIN15O,Singulair,montelukast (sodium),R03DC03,N
SIN16E,Sindine,povidone-iodine,D08AG02,N
SIN16O,Singulair,montelukast (sodium),R03DC03,N
SIN17E,Sinpharderm,urea,D02AE01,N
SIN20O,Sinmaron,mirtazapine,N06AX11,N
SIR01O,Sirdalud,tizanidine hcl,M03BX02,N
SIV01I,Sivkort,triamcinolone acetonide,H02AB08,N
SLA01O,Slatone,spironolactone,C03DA01,N
SMA01O,Smartgen,dihydroergotoxine mesylate,C04AE01,N
SME01O,Smecta,dioctahedral smectite,A07BC05,N
SMO01O,Smokquit,nicotine resinate,N07BA01,N
SMO02E,Smokfree,nicotine,N07BA01,N
SMO03E,SMOKFREE,nicotine,N07BA01,N
SMO04I,SmofKabiven,sodium acetate trihydrate (eq to sodium,B05BA10,N
SMY01O,Smyraf,peficitinib,L04AF06,N
SOD02I,Sod.,sodium chloride,B05CB01,N
SOD05O,Sodium,sodium bicarbonate,A02AH,N
SOD12I,Sodium,sodium chloride,B05XA03,N
SOD15I,Sod.,sodium chloride,B05CB01,N
SOL01O,Solaxin,chlorzoxazone,M03BB03,N
SOL02I,Solu-Cortef,hydrocortisone sodium succinate,H02AB09,N
SOL03I,SOLU-MEDROL,methylprednisolone sodium succinate,H02AB04,N
SOL04I,Solu-Medrol,methylprednisolone sodium succinate,H02AB04,N
SOL06I,Soliqua,"insulin glargine,lixisenatide",A10AE54,N
SOL07I,Soliris,eculizumab,L04AA25,N
SOL08O,Solian,amisulpride,N05AL05,N
SOM01I,Somatuline,lanreotide (acetate),H01CB03,N
SOM01O,Somn,melatonin,N05CH01,N
SOR01S,Sortuss,"dextromethorphan hbr,guaiacol glycolate,",R05FA02,N
SPA05O,Spastec,pinaverium bromide,A03AX04,N
SPE01O,Spedra,avanafil,G04BE10,N
SPE02E,Spersin,"bacitracin, polymyxin b, neomycin",D06AX04,N
SPI04E,Spiriva,tiotropium,R03BB04,N
SPI05E,Spiolto,"olodaterol,tiotropium",R03AL06,N
SPO01O,Sporanox,itraconazole,J02AC02,Y
SPR01E,Spravato,esketamine,N06AX27,N
SPR01O,SPRYCEL,dasatinib,L01EA02,N
STA01I,Stazolin,cefazolin sodium,J01DB04,Y
STA05O,Stable,hydralazine,C02DB02,N
STA06O,Stalevo,"levodopa,carbidopa,entacapone",N04BX02,N
STE03E,Steridal,chlorhexidine gluconate,D08AC02,N
STI02O,Stivarga,regorafenib,L01EX05,N
STI04O,Stilnox,zolpidem hemitartrate,N05CF02,N
STR01E,Striverdi,olodaterol,R03AC19,N
STR01O,Strocain,"oxethazaine, polymigel",A02AX,N
STR01S,Strolin,fenoterol hbr,R03CC04,N
STR04O,Stromectol,ivermectin,P02CF01,N
STR05I,Stronger,monoammonium glycyrrhizinate,A16AX,N
SUB01I,Subacillin,"ampicillin,sulbactam",J01CR01,Y
SUL01O,Sulmatyl,sulpiride,N05AL01,N
SUL01S,Sulfacotrim,"sulfamethoxazole,trimethoprim",J01EE01,Y
SUL04O,Sulpin,sulpiride,N05AL01,N
SUN01I,Suntose,"glucose, nacl",B05BA10,N
SUR01E,Survanta,"phosphatidylcholine,phospholipids,trigly",R07AA30,N
SUT01E,Sutrol,metronidazole,G01AF01,N
SUT01O,Sutent,sunitinib malate,L01EX01,N
SUW01O,Suwell,"al(oh)3,mg(oh)2,simethicone",A02AF02,N
SYL01I,Sylvant,siltuximab,L04AC11,N
SYL02I,Sylvant,siltuximab,L04AC11,N
SYM01E,Symbicort,"budesonide, formoterol",R03AK07,N
SYM01O,Symproic,naldemedine,A06AH05,N
SYM02E,SYMBICORT,"budesonide,formoterol fumarate dihydrate",R03AK07,N
SYN01O,Synbot,enalapril maleate,C09AA02,N
SYN03I,Synagis,palivizumab,J06BD01,N
SYN03O,Syntrend,carvedilol,C07AG02,N
SYN04O,SYNTACE,ramipril,C09AA05,N
SYS02E,Systane,propylene glycol,S01XA20,N
TAF01O,Tafinlar,dabrafenib,L01EC02,N
TAG02O,Tagrisso,osimertinib,L01EB04,N
TAI01O,Taigexyn,nemonoxacin,J01MB08,Y
TAI02I,Taita,"dextrose,na,p,acetate,cl,p",B05BB02,N
TAI03I,Taita,"glucose, electrolytes: na, k, cl, p, ace",B05BB02,N
TAI05I,Taita,"cl,electrolytes: na,glucose,k,mg,p",B05BB02,N
TAI06I,Taigexyn,nemonoxacin,J01MB08,Y
TAK01I,Takepron,lansoprazole,A02BC03,N
TAK01O,Takepron,lansoprazole,A02BC03,N
TAL01I,Taltz,ixekizumab,L04AC13,N
TAL01O,Talzenna,talazoparib tosylate,L01XK04,N
TAL01S,Talopram,escitalopram oxalate,N06AB10,N
TAM02O,Tamiflu,oseltamivir,J05AH02,N
TAM04O,Tambocor,flecainide acetate,C01BC04,N
TAM07O,Tamlosin,tamsulosin hcl,G04CA02,N
TAP01I,Tapimycin,"piperacillin,tazobactam",J01CR05,Y
TAR02I,Targocid,teicoplanin,J01XA02,Y
TAR03O,TARCEVA,erlotinib,L01EB02,N
TAR05O,Tarceva,erlotinib,L01EB02,N
TAS01O,TASIGNA,nilotinib hydrochloride monohydrate,L01EA03,N
TAS02O,Tasigna,nilotinib hydrochloride monohydrate,L01EA03,N
TAT03I,TATUMCEF,ceftazidime,J01DD02,Y
TAZ02I,Tazocin,piperacillin+tazobactam,J01CR05,Y
TEC02O,TECFIDERA,dimethyl fumarate,L04AX07,N
TEI01I,Teicod,teicoplanin,J01XA02,Y
TEM02O,TEMODAL,temozolomide,L01AX03,N
TEM03O,Temodal,temozolomide,L01AX03,N
TEN04I,Tencam,tenoxicam,M01AC02,N
TEP01O,Tepmetko,tepotinib hydrochloride hydrate,L01EX21,N
TES03I,Testosterone,testosterone cypionate,G03BA03,N
TES05I,Testodiol,"estradiol,testosterone",G03EA02,N
TET01E,Tetracycline,tetracycline hcl,S01AA09,N
TET02O,Tetracycline,tetracycline,J01AA07,Y
TET09I,Tetanus,tetanus toxoid,J07AM01,N
TEZ01I,Tezspire,tezepelumab,R03DX11,N
TEZ02I,Tezspire,tezepelumab,R03DX11,N
THA01O,Thado,thalidomide,L04AX02,N
THI01I,Thiamine,vitamin b1 (thiamine),A11DA01,N
THO01O,Thoin,theophylline,R03DA04,N
THR01O,Through,sennoside a+b,A06AB06,N
THY01I,Thymoglobuline,rabbit anti-human thymocyte immunoglobul,L04AA04,N
TIG01I,Tigelin,tigecycline,J01AA12,Y
TIM03E,Timoptol,timolol,S01ED01,N
TOB03E,Tobacin,tobramycin,S01AA12,N
TOF02O,Tofranil,imipramine hcl,N06AA02,N
TON01O,Tonsaric,allopurinol,M04AA01,N
TON03O,Tonvasca,"ezetimibe,pitavastatin",C10BA13,N
TOP02E,Topsym,fluocinonide,D07AC08,N
TOP06O,Topamax,topiramate,N03AX11,N
TOP07E,Topsym,fluocinonide,D07AC08,N
TOR01E,Toricam,piroxicam,M02AA07,N
TOT01E,Totifen,ketotifen,S01GX08,N
TOU01I,Toujeo,insulin glargine,A10AE04,N
TRA01O,Trajenta,linagliptin,A10BH05,N
TRA02I,Trandate,labetalol,C07AG01,N
TRA03O,Transamin,tranexamic acid,B02AA02,N
TRA07I,Tramtor,tramadol hcl,N02AX02,N
TRA08I,Tractocile,atosiban,G02CX01,N
TRA13O,TRACLEER-CHD,bosentan,C02KX01,N
TRA14O,TRAJENTA,"linagliptin,metformin",A10BD11,N
TRE01E,Tretinoin,tretinoin,D10AD01,N
TRE02E,Trelegy,"fluticasone furoate,umeclidinium,vilante",R03AL08,N
TRE03E,TRELEGY,"fluticasone furoate,umeclidinium,vilante",R03AL08,N
TRE03I,Tresiba,insulin degludec,A10AE06,N
TRI07O,Tritace,ramipril,C09AA05,N
TRI08O,Trileptal,oxcarbazepine,N03AF02,N
TRI09O,TRITACE,ramipril,C09AA05,N
TRI12E,Trimbow,"beclometasone dipropionate,formoterol fu",R03AL09,N
TRO01E,TROPINE,atropine sulfate,S01FA01,N
TRO01O,Trolovol,d-penicillamine,M01CC01,N
TRO02E,Tropine,atropine sulfate,S01FA01,N
TRO02O,Trokendi,topiramate,N03AX11,N
TRU01I,Trulicity,dulaglutide,A10BJ05,N
TS101O,TS-1,"gimeracil,tegafur",L01BC53,N
TYG01I,Tygacil,tigecycline,J01AA12,Y
TYK01O,Tykerb,lapatinib ditosylate monohydrate,L01EH01,N
TYS01I,Tysabri,natalizumab,L04AA23,N
UFU01O,Ufur,"tegafur,uracil",L01BC53,N
ULC01I,Ulcertin,famotidine,A02BA03,N
ULE01S,Ulexin,cephalexin,J01DB01,Y
ULT01I,Ultomiris,ravulizumab,L04AJ02,N
ULT02E,Ultibro,"glycopyrrolate,indacaterol maleate",R03AL04,N
UPL01I,Uplizna,inebilizumab,L04AA47,N
UPT04O,Uptravi,selexipag,B01AC27,N
UPT05O,UPTRAVI,selexipag,B01AC27,N
UPT06O,UPTRAVI,selexipag,B01AC27,N
URE03E,Urea,urea,D02AE01,N
URE04E,Ureson,"urea,hydrocortisone",D02AE,N
URI02O,URIEF,silodosin,G04CA04,N
URO01O,Urosin,atenolol,C07AB03,N
URO02O,UroSAN,sodium pentosan polysulphate,G04BX15,N
URO05I,Uromitexan,mesna,V03AF01,N
URO05O,Uroprin,phenazopyridine hcl,G04BX06,N
URO07I,Urokinase,urokinase,B01AD04,N
URO07O,Urotrol,propiverine hcl,G04BD06,N
USO01E,U,urea,D02AE01,N
USO01I,U-Sodin,verapamil,C08DA01,N
UTA01O,Utapine,quetiapine fumarate,N05AH04,N
UTR01O,Utrogestan,progesterone,G03DA04,N
UTR02O,Utraphen,tramadol; acetaminophen,N02AX52,N
UWA01O,Uwarin,warfarin,B01AA03,N
UWA02O,UWARIN,warfarin,B01AA03,N
VAB01I,Vabysmo,faricimab,S01LA09,N
VAB02I,Vabysmo,faricimab,S01LA09,N
VAG01I,Vagostin,neostigmine methylsulfate,N07AA01,N
VAL03O,Valdoxan,agomelatine,N06AX22,N
VAL04O,Valcyte,valganciclovir,J05AB14,Y
VAL05O,Valtrex,valaciclovir hydrochloride,J05AB11,Y
VAN04I,Vanco,vancomycin hcl,J01XA01,Y
VAN04O,Vancover,vancomycin hcl,A07AA09,Y
VAQ01I,VAQTA,"hepatitis a virus, purified, inactivated",J07BC02,N
VAQ02I,VAQTA,"hepatitis a virus, purified, inactivated",J07BC02,N
VAR04I,Varivax,varicella vaccine,J07BK01,N
VAX06I,Vaxigrip,type a、a、b  influenza like virus,J07BB02,N
VAX09I,Vaxneuvance,"carrier protein,polysaccharide multi-ser",J07AL02,N
VB103O,Vitamin,vitamin b1 (thiamine),A11DA01,N
VEL01O,Velexbru,tirabrutinib,L01EL06,N
VEM01O,Vemlidy,tenofovir alafenamide,J05AF13,N
VEN02E,Ventolin,salbutamol,R03AC02,N
VEN04E,Ventavis,iloprost (trometamol),B01AC11,N
VEN04O,Venina,"estradiol valerate,medroxyprogesterone",G03FA12,N
VEN05O,Venclexta,venetoclax,L01XX52,N
VER01O,Verzenio,abemaciclib,L01EF03,N
VER02I,Verorab,rabbies vaccine,J07BG01,N
VER04O,VERQUVO,vericiguat,C01DX22,N
VES01O,Vesanoid,tretinoin,L01XF01,N
VES02O,Vesicare,solifenacin succinate,G04BD08,N
VFE01I,Vfend,voriconazole,J02AC03,Y
VFE01O,Vfend,voriconazole,J02AC03,Y
VGE01I,V-Genta,gentamicin sulfate,J01GB03,Y
VIA03O,Viagra,sildenafil,G04BE03,N
VIA04O,Viagra,sildenafil,G04BE03,N
VIA05O,Viartril-S,glucosamine sulfate,M01AX05,N
VIA06O,Viagra,sildenafil,G04BE03,N
VIC01I,Victoza,liraglutide,A10BJ02,N
VID01E,Vidisic,carbomer,S01XA20,N
VIG01E,Vigamox,moxifloxacin (hcl),S01AE07,N
VIM01E,Vimax,clobetasol,D07AD01,N
VIM01I,Vimpat,lacosamide,N03AX18,N
VIM01O,Vimpat,lacosamide,N03AX18,N
VIN01O,Vinobin,vinorelbine tartrate,L01CA04,N
VIN02O,VINOBIN,vinorelbine tartrate,L01CA04,N
VIR01O,Viread,tenofovir,J05AF07,N
VIS02O,Visanne,dienogest,G03DB08,N
VIT01I,Vitacicol,vitamin c (ascorbic acid),A11GA01,N
VIT05I,VitaCAL,"calcium chloride, glucose",B05BB02,N
VIT07I,Vitacicol,vitamin c (ascorbic acid),A11GA01,N
VOL01I,Voluven,hydroxyethyl starch,B05AA07,N
VOL01O,Volna-K,diclofenac,M01AB05,N
VOL04O,Voltaren,diclofenac,M01AB05,N
VOR02E,Voren-G,diclofenac sodium,M02AA15,N
VOR03E,Voren,diclofenac sodium,M01AB05,N
VOT01O,Votrient,pazopanib hcl,L01EX03,N
VYZ01E,Vyzulta,latanoprostene bunod,S01EE06,N
WAK01O,Wakix,pitolisant hydrochloride,N07XX11,N
WAT05I,Water,water,V07AB,N
WAT07E,Water,water for injection,B05B,N
WEG01I,Wegovy,semaglutide,A10BJ06,N
WEG02I,Wegovy,semaglutide,A10BJ06,N
WEI02O,Weisu,sulindac,M01AB02,N
WEL03O,Wellbutrin,bupropion hcl,N06AX12,N
WEM01S,Wempty,domperidone,A03FA03,N
WIT01O,Witgen,memantine hcl,N06DX01,N
XAL01E,Xalatan,latanoprost,S01EE01,N
XAL01O,Xalkori,crizotinib,L01ED01,N
XAL02E,Xalacom,"latanoprost,timolol",S01ED51,N
XAM01E,Xamiol,"betamethasone 0.5mg,calcipotriol 50mcg",D05AX02,N
XAN01O,Xanax,alprazolam,N05BA12,N
XAN03O,Xanthium,theophylline dihydrous,R03DA04,N
XAN04O,XANAX,alprazolam,N05BA12,N
XAR01O,XARELTO,rivaroxaban,B01AF01,N
XAR02O,XARELTO,rivaroxaban,B01AF01,N
XAR03O,XARELTO,rivaroxaban,B01AF01,N
XAR04O,Xarelto,rivaroxaban,B01AF01,N
XEL01O,Xeloda,capecitabine,L01BC06,N
XEL02O,Xeljanz,tofacitinib,L04AA29,N
XEL03O,XELJANZ,tofacitinib,L04AA29,N
XGE01I,Xgeva,deanosumab,M05BX04,N
XGE02I,Xgeva,deanosumab,M05BX04,N
XIG01O,Xigduo,"dapagliflozin,metformin hcl",A10BD15,N
XOF01O,Xofluza,baloxavir marboxil,J05AX25,N
XOL01I,Xolair,omalizumab,R03DX05,N
XOL02I,Xolair,omalizumab,R03DX05,N
XTA02O,Xtandi,enzalutamide,L02BB04,N
XYJ01E,Xylocaine,lidocaine,D04AB01,N
XYS02E,Xylocaine,lidocaine,D04AB01,N
XYZ01O,Xyzal,levocetirizine dihydrochloride,R06AE09,N
YAZ01O,Yaz,"drospirenone,ethinyl estradiol",G03AA12,N
YOU01O,Youkoxia,etoricoxib,M01AH05,N
YUF01I,Yuflyma,adalimumab,L04AB04,N
ZAL01E,Zalain,sertaconazole nitrat,G01AF20,N
ZAL02E,ZALAIN,sertaconazole nitrat,D01AC14,N
ZAL03E,Zalain,sertaconazole nitrat,D01AC14,N
ZAN02O,Zanidip,lercanidipine hcl,C08CA13,N
ZAP01O,Zapine,clozapine,N05AH02,N
ZAV02I,Zavicefta,"avibactam,ceftazidime",J01DD52,Y
ZCO01O,Zcough,benzonatate,R05DB01,N
ZEJ01O,Zejula,niraparib,L01XK02,N
ZEP04O,ZEPOSIA,ozanimod hcl,L04AA38,N
ZER01I,Zerbaxa,"ceftolozane,tazobactam",J01DI54,Y
ZIE01I,Ziextenzo,pegfilgrastim,L03AA13,N
ZIN03I,Zinc,zinc sulfate,A12CB01,N
ZIN04E,Zin,zinc oxide,D02AB,N
ZIN04I,Zinforo,ceftaroline,J01DI02,Y
ZIT01O,Zithromax,azithromycin,J01FA10,Y
ZIT01S,Zithromax,azithromycin,J01FA10,Y
ZOD01I,Zodonic,zoledronic acid monohydrate,M05BA08,N
ZOL01I,Zoladex,goserelin acetate,L02AE03,N
ZOL01O,Zolpidem,zolpidem hemitartrate,N05CF02,N
ZOL02I,ZOLADEX,goserelin acetate,L02AE03,N
ZOL02O,Zoloft,sertraline hcl,N06AB06,N
ZON01O,Zonegran,zonisamide,N03AX15,N
ZOV01I,Zovirax,acyclovir,J05AB01,Y
ZUL01O,Zulitor,pitavastatin,C10AA08,N
ZYP02I,Zyprexa,olanzapine,N05AH03,N
ZYP02O,ZYPREXA,olanzapine,N05AH03,N
ZYV01I,Zyvox,linezolid,J01XX08,Y
ZYV01O,Zyvox,linezolid,J01XX08,Y
